min,median,mean,max,stddev,config,bench
sksl_compiler_baseline: 15264 bytes
sksl_compiler_gpu: 411696 bytes
sksl_compiler_graphite: 1177152 bytes
sksl_compiler_compute: 20320 bytes
sksl_binary_size_gpu: 22605 bytes
sksl_binary_size_graphite: 29961 bytes
sksl_binary_size_compute: 507 bytes
0.045675,0.0460045,0.0460332,0.046853,0.716543,grmtl,Clear-Complex
0.0431379,0.0436868,0.0435751,0.044185,0.874907,grmtl,Clear-Partial
0.0222004,0.0223478,0.0223968,0.0226554,0.650355,grmtl,Clear-Full
13.698,13.7839,13.7735,13.8705,0.417988,grmtl,bulkrect_1000_grid_solidcolor_quad
14.1115,14.2141,14.1915,14.2731,0.447127,grmtl,bulkrect_1000_grid_solidcolor_ref
224.306,237.837,236.909,250.889,3.3845,grmtl,bulkrect_1000_grid_uniqueimages_ref
225.425,230.187,230.935,239.815,2.06287,grmtl,bulkrect_1000_grid_uniqueimages_batch
17.7332,17.8576,17.9071,18.7364,1.66622,grmtl,bulkrect_1000_grid_sharedimage_ref
14.1825,14.2466,14.282,14.4243,0.574039,grmtl,bulkrect_1000_grid_sharedimage_batch
13.9127,13.9718,13.9833,14.0842,0.460515,grmtl,bulkrect_1000_random_solidcolor_quad
14.2621,14.3177,14.3438,14.5545,0.61098,grmtl,bulkrect_1000_random_solidcolor_ref
227.406,237.954,237.121,253.667,3.90718,grmtl,bulkrect_1000_random_uniqueimages_ref
219.294,237.014,236.467,247.733,3.76075,grmtl,bulkrect_1000_random_uniqueimages_batch
17.8221,18.0237,18.0189,18.1332,0.487102,grmtl,bulkrect_1000_random_sharedimage_ref
14.2431,14.3698,14.3681,14.5104,0.516775,grmtl,bulkrect_1000_random_sharedimage_batch
1.47718,1.48805,1.48714,1.49751,0.485227,grmtl,writepix_um_bgra_srgb
0.234359,0.24002,0.239982,0.247627,1.87469,grmtl,writepix_pm_bgra_srgb
1.47794,1.49879,1.49626,1.50698,0.642102,grmtl,writepix_um_bgra_null
0.236929,0.242692,0.241532,0.247077,1.24162,grmtl,writepix_pm_bgra_null
1.49825,1.51631,1.51382,1.53474,0.962542,grmtl,writepix_um_rgba_srgb
0.050546,0.0550927,0.0562543,0.0629203,6.90216,grmtl,writepix_pm_rgba_srgb
1.47949,1.49201,1.49476,1.51796,0.937635,grmtl,writepix_um_rgba_null
0.0483586,0.0545669,0.0556866,0.0675198,10.1309,grmtl,writepix_pm_rgba_null
0.000958727,0.000970495,0.000970076,0.000979596,0.638995,grmtl,drawAtlas_colors_rotated
0.000959635,0.000966338,0.000965833,0.000972475,0.39713,grmtl,drawAtlas_colors
0.000972567,0.000979511,0.000978451,0.000987716,0.537715,grmtl,drawAtlas_persp
0.000960223,0.000968379,0.000968421,0.000978069,0.61329,grmtl,drawAtlas_rotated
0.000956855,0.000967342,0.000966667,0.000976101,0.605858,grmtl,drawAtlas
0.410599,0.418872,0.417345,0.421394,0.83382,grmtl,verts_textures_colors_bilerp
0.412519,0.417401,0.417443,0.422567,0.681239,grmtl,verts_textures_colors
0.340789,0.343114,0.343645,0.348786,0.714247,grmtl,verts_colors
0.336408,0.341078,0.340686,0.347347,0.893786,grmtl,verts_textures_bilerp
0.338219,0.340997,0.340826,0.343539,0.493932,grmtl,verts_textures
0.341131,0.346775,0.346351,0.350478,1.00014,grmtl,verts_colors_persp
0.341364,0.346561,0.346442,0.350569,0.821991,grmtl,verts_textures_persp_bilerp
0.339997,0.3424,0.342588,0.346733,0.658594,grmtl,verts_textures_persp
11.1746,12.0515,11.878,12.5944,4.10123,grmtl,tile_image_filter_tiled_64
60.4429,64.8299,64.9072,70.7367,5.00042,grmtl,tile_image_filter_tiled_32
0.159837,0.166005,0.165835,0.176014,2.65591,grmtl,tile_image_filter
0.0322255,0.0326352,0.0325779,0.0330067,0.735259,grmtl,constXTile_MM_filter_trans
0.0321226,0.0325476,0.0325256,0.0328723,0.718726,grmtl,constXTile_RR_filter_trans
0.0321826,0.0324599,0.0324599,0.0327999,0.614815,grmtl,constXTile_CC_trans
0.0194364,0.0196565,0.0196628,0.0198571,0.77033,grmtl,constXTile_MM_filter
0.0195192,0.019738,0.019723,0.0199873,0.850106,grmtl,constXTile_RR_filter
0.0195266,0.0198245,0.0197949,0.0200619,0.88509,grmtl,constXTile_CC
6.70817,6.75871,6.76671,6.84896,0.58704,grmtl,TextBlobFirstTimeBench
3.34246,3.37479,3.37434,3.40902,0.629304,grmtl,TextBlobCachedBench
57.5727,57.7163,57.707,57.8526,0.15719,grmtl,tablebench
Could not find factory  for Noto Sans.
3.05421,3.10217,3.10855,3.19994,1.40413,grmtl,shapes_rrect_inner_rrect_50_500x500
2.69731,2.71904,2.72313,2.76819,0.887489,grmtl,shapes_rect_inner_rect_50_500x500
27.5817,27.8092,27.7374,27.9207,0.440406,grmtl,shapes_rrect_inner_rrect_500_32x32
23.7459,23.8391,23.8938,24.076,0.487151,grmtl,shapes_rect_inner_rect_500_32x32
2.8391,2.8541,2.85956,2.91098,0.757225,grmtl,shapes_mixed_100_500x501
2.82987,2.86004,2.85812,2.90885,0.860356,grmtl,shapes_rrect_100_500x500
2.84831,2.87585,2.8744,2.94323,0.995017,grmtl,shapes_oval_100_500x501
2.83479,2.87579,2.87082,2.89052,0.60796,grmtl,shapes_oval_100_500x500
2.76877,2.79102,2.79375,2.83271,0.729074,grmtl,shapes_rect_100_500x500
257.033,257.871,257.747,258.496,0.188668,grmtl,shapes_mixed_10000_32x33
257.528,257.806,258.971,268.83,1.34346,grmtl,shapes_rrect_10000_32x32
258.775,259.532,259.945,263.41,0.506309,grmtl,shapes_oval_10000_32x33
258.909,260.746,262.004,275.525,1.84603,grmtl,shapes_oval_10000_32x32
252.704,254.56,254.487,257.554,0.529697,grmtl,shapes_rect_10000_32x32
0.0907232,0.0952879,0.099712,0.123613,10.9934,grmtl,shadows_t_g
0.0940009,0.102728,0.112365,0.17288,21.2982,grmtl,shadows_t_a
0.0815574,0.0832391,0.0837447,0.0881496,2.39893,grmtl,shadows_o_g
0.0881435,0.103792,0.122642,0.193661,34.6471,grmtl,shadows_o_a
0.11452,0.126485,0.127663,0.144855,6.26571,grmtl,shadermaskfilter_picture_80
0.085564,0.0902392,0.0897951,0.0923287,2.46156,grmtl,shadermaskfilter_picture_ff
0.11189,0.118029,0.11951,0.130271,4.97467,grmtl,shadermaskfilter_bitmap_80
0.083154,0.0877931,0.0872875,0.0916563,2.90306,grmtl,shadermaskfilter_bitmap_ff
0.0311469,0.0314758,0.0314747,0.0320214,0.839803,grmtl,rotated_rects_bw_persp_shader_opaque_srcover
0.0272863,0.0275935,0.0274874,0.027609,0.478501,grmtl,rotated_rects_bw_persp_same_opaque_srcover
0.0317798,0.0327341,0.0326492,0.0341623,2.4042,grmtl,rotated_rects_aa_persp_shader_opaque_srcover
0.0272767,0.0280325,0.0281705,0.0305173,3.4343,grmtl,rotated_rects_aa_persp_same_opaque_srcover
0.0316667,0.032148,0.0321775,0.0331648,1.47684,grmtl,rotated_rects_bw_shader_opaque_darken
0.0285144,0.0290007,0.0291033,0.0298551,1.54187,grmtl,rotated_rects_bw_alternating_transparent_and_opaque_darken
0.0294652,0.0314906,0.0316141,0.0351751,5.83659,grmtl,rotated_rects_bw_changing_transparent_darken
0.0288013,0.0291794,0.0291225,0.0294025,0.737972,grmtl,rotated_rects_bw_changing_opaque_darken
0.0280457,0.0284576,0.0284496,0.0290364,1.05645,grmtl,rotated_rects_bw_same_transparent_darken
0.0278278,0.0280979,0.0281359,0.0286359,0.937558,grmtl,rotated_rects_bw_same_opaque_darken
0.0318032,0.0322165,0.0321612,0.0325477,0.772794,grmtl,rotated_rects_aa_shader_opaque_darken
0.028995,0.0292095,0.029178,0.0294672,0.508662,grmtl,rotated_rects_aa_alternating_transparent_and_opaque_darken
0.0287162,0.0291487,0.0290881,0.0294054,0.716141,grmtl,rotated_rects_aa_changing_transparent_darken
0.0286262,0.0290409,0.0289282,0.0291556,0.688607,grmtl,rotated_rects_aa_changing_opaque_darken
0.0278282,0.0280556,0.0280428,0.028188,0.39581,grmtl,rotated_rects_aa_same_transparent_darken
0.0280891,0.0283711,0.0283263,0.0286144,0.628105,grmtl,rotated_rects_aa_same_opaque_darken
0.0312974,0.0316972,0.0316521,0.0318918,0.503106,grmtl,rotated_rects_bw_shader_opaque_src
0.0284186,0.02865,0.0286905,0.0291707,0.8306,grmtl,rotated_rects_bw_alternating_transparent_and_opaque_src
0.0283956,0.0287004,0.0287712,0.0291199,0.860331,grmtl,rotated_rects_bw_changing_transparent_src
0.0282893,0.0287177,0.0286803,0.029025,0.729645,grmtl,rotated_rects_bw_changing_opaque_src
0.0276946,0.0279114,0.0279685,0.0284263,0.90527,grmtl,rotated_rects_bw_same_transparent_src
0.028312,0.028929,0.029085,0.030312,2.44912,grmtl,rotated_rects_bw_same_opaque_src
0.0314136,0.0316518,0.031716,0.03216,0.846013,grmtl,rotated_rects_aa_shader_opaque_src
0.0283267,0.02866,0.0286937,0.0291529,0.97803,grmtl,rotated_rects_aa_alternating_transparent_and_opaque_src
0.0282528,0.0285999,0.0285865,0.0289167,0.640779,grmtl,rotated_rects_aa_changing_transparent_src
0.0283093,0.0286974,0.0286369,0.0289419,0.676772,grmtl,rotated_rects_aa_changing_opaque_src
0.0278857,0.0281839,0.0282027,0.0287167,1.02538,grmtl,rotated_rects_aa_same_transparent_src
0.0278397,0.0282598,0.0282688,0.0286948,0.818344,grmtl,rotated_rects_aa_same_opaque_src
0.0313799,0.0320684,0.0318744,0.0321183,0.836759,grmtl,rotated_rects_bw_shader_opaque_srcover
0.0282533,0.0288762,0.0288939,0.0296636,1.39479,grmtl,rotated_rects_bw_alternating_transparent_and_opaque_srcover
0.0284716,0.0289472,0.0289064,0.0293483,0.951958,grmtl,rotated_rects_bw_changing_transparent_srcover
0.0283258,0.028599,0.0285841,0.0288831,0.633676,grmtl,rotated_rects_bw_changing_opaque_srcover
0.027605,0.0278434,0.0278525,0.0280517,0.504308,grmtl,rotated_rects_bw_same_transparent_srcover
0.0277202,0.0279,0.0279276,0.0283441,0.724899,grmtl,rotated_rects_bw_same_opaque_srcover
0.0314381,0.0318212,0.0318,0.0322632,0.81897,grmtl,rotated_rects_aa_shader_opaque_srcover
0.0284741,0.0287383,0.0287866,0.0293871,0.98245,grmtl,rotated_rects_aa_alternating_transparent_and_opaque_srcover
0.0289003,0.0291763,0.0292304,0.0299633,1.02909,grmtl,rotated_rects_aa_changing_transparent_srcover
0.028907,0.0293234,0.0292638,0.0294297,0.603761,grmtl,rotated_rects_aa_changing_opaque_srcover
0.0282603,0.0284808,0.028527,0.0289972,0.859083,grmtl,rotated_rects_aa_same_transparent_srcover
0.0281266,0.0285187,0.0285411,0.0290597,0.902557,grmtl,rotated_rects_aa_same_opaque_srcover
0.0164579,0.0165731,0.0166247,0.0170163,1.21732,grmtl,repeatTile_RGB_565_X
0.0177838,0.0179885,0.0180082,0.0183493,0.884351,grmtl,repeatTile_RGBA_8888_A
0.0160783,0.0165359,0.0165247,0.0169086,1.41012,grmtl,repeatTile_RGBA_8888_X
14.9214,15.4833,16.6388,26.1607,20.4789,grmtl,maskshader
11.3555,11.5362,11.5415,11.7653,1.04905,grmtl,maskcolor
11.352,11.5614,12.9258,23.4408,29.0522,grmtl,maskblack
11.2275,11.2865,11.3022,11.4597,0.650879,grmtl,maskopaque
0.0220347,0.0222023,0.022192,0.0223439,0.437892,grmtl,rects_1_bw_persp_localcoords
0.0221222,0.0222744,0.0223117,0.0228974,0.994256,grmtl,rects_1_aa_persp_localcoords
0.019262,0.019443,0.0194543,0.0199555,0.996752,grmtl,rects_1_bw_persp
0.0192343,0.019438,0.0194292,0.0198582,0.91765,grmtl,rects_1_aa_persp
0.016139,0.0164352,0.0163752,0.0166082,0.96823,grmtl,rects_1_bw_localcoords
0.0176592,0.0178328,0.0178085,0.0179862,0.535185,grmtl,rects_1_aa_localcoords
0.0147436,0.0149613,0.014927,0.0152821,1.0649,grmtl,transparent_rects_1_aa
0.0150218,0.0152751,0.0160776,0.0220402,13.4152,grmtl,srcmode_rects_1_aa
12.6086,12.7382,12.8237,13.6702,2.39281,grmtl,polygon
6.26554,6.33654,6.33755,6.41037,0.75904,grmtl,lines
10.945,11.08,11.0807,11.2589,0.924165,grmtl,points
2988.23,3001.33,3008.35,3108.99,1.19305,grmtl,hair_points_mode_SrcOver_alpha_1
2985.49,3014.91,3020.76,3064.75,0.838499,grmtl,hair_points_mode_SrcOver_alpha_0.5
0.0266855,0.027759,0.027595,0.0286195,2.05627,grmtl,rrects_3_stroke_4_aa
0.0147873,0.0149111,0.0151188,0.015895,2.5635,grmtl,rrects_3_aa
0.027922,0.0291653,0.0297746,0.033309,6.09525,grmtl,rrects_1_stroke_4_aa
0.0152764,0.0161108,0.0160152,0.0163603,2.01318,grmtl,rrects_1_aa
0.0240949,0.0254464,0.0252628,0.0261714,2.70371,grmtl,ovals_3_stroke_4_aa
0.031118,0.0357569,0.0356326,0.0400104,6.44899,grmtl,ovals_1_stroke_4_aa
0.0149459,0.0154564,0.0153472,0.0157033,1.77276,grmtl,ovals_3_aa
0.0153016,0.0160359,0.0159554,0.016531,2.07516,grmtl,ovals_1_aa
0.015382,0.0161259,0.0159383,0.016566,2.56301,grmtl,rects_3_stroke_4_bw
0.0133929,0.0137488,0.0136462,0.013862,1.18481,grmtl,rects_3_bw
0.0158477,0.0162375,0.0161795,0.0166504,1.58412,grmtl,rects_1_stroke_4_bw
0.0132995,0.0137317,0.0137021,0.0140932,1.8903,grmtl,rects_1_bw
0.0144327,0.0150939,0.0150026,0.0155678,2.23904,grmtl,rects_3_stroke_4_aa
0.0142693,0.0148078,0.0148116,0.015562,2.6505,grmtl,rects_3_aa
0.0145507,0.0147287,0.0147793,0.0151908,1.218,grmtl,rects_1_stroke_4_aa
0.0146743,0.0149297,0.0150248,0.0156992,2.35857,grmtl,rects_1_aa
8.81875,14.6731,13.7116,24.6375,34.3269,grmtl,readpix_um_bgra_srgb
0.488583,0.528333,0.929272,2.62628,92.656,grmtl,readpix_pm_bgra_srgb
8.69946,8.90937,8.96747,9.31629,2.39558,grmtl,readpix_um_bgra_null
0.469658,0.512108,0.52216,0.579212,7.72902,grmtl,readpix_pm_bgra_null
8.57008,8.73312,8.77914,9.13921,1.9437,grmtl,readpix_um_rgba_srgb
0.310906,0.327094,0.324149,0.341042,3.11423,grmtl,readpix_pm_rgba_srgb
8.59371,8.80492,8.7976,9.11942,1.80665,grmtl,readpix_um_rgba_null
0.29325,0.302414,0.303852,0.324967,3.27017,grmtl,readpix_pm_rgba_null
0.00321258,0.00323152,0.0032339,0.00327177,0.575408,grmtl,concat
2655.75,2658.42,2662.77,2683.96,0.349807,grmtl,quick_reject
2.43977,2.52098,2.55363,2.87137,4.70532,grmtl,premul_and_unpremul_alpha_BGRA_8888
2.41594,2.53085,2.54799,2.77633,3.82456,grmtl,premul_and_unpremul_alpha_RGBA_8888
137.563,142.81,146.383,182.316,8.97497,grmtl,poly_utils_icecream_t
832.936,845.965,855.966,910.388,3.07289,grmtl,poly_utils_icecream_o
ERROR: clamping loops from 0 to 1. There's probably something wrong with the bench.
0.0784171,0.0848339,0.0843127,0.0914171,4.85581,grmtl,poly_utils_icecream_i
136.787,137.068,137.429,140.404,0.834737,grmtl,poly_utils_icecream_s
2.59967e-05,2.61647e-05,2.61759e-05,2.66911e-05,0.780962,grmtl,poly_utils_icecream_c
137.452,137.585,137.586,137.762,0.0913404,grmtl,poly_utils_notch_t
748.662,750.342,750.832,755.171,0.335329,grmtl,poly_utils_notch_o
ERROR: clamping loops from 0 to 1. There's probably something wrong with the bench.
0.0595832,0.172459,0.124988,0.202375,54.6054,grmtl,poly_utils_notch_i
136.859,138.002,138.268,140.816,0.862864,grmtl,poly_utils_notch_s
0.0108448,0.0109357,0.010955,0.0110859,0.688481,grmtl,poly_utils_notch_c
ERROR: clamping loops from 0 to 1. There's probably something wrong with the bench.
0.04775,0.085042,0.0835501,0.0982089,16.3636,grmtl,poly_utils_intersecting_t
ERROR: clamping loops from 0 to 1. There's probably something wrong with the bench.
0.0469999,0.155583,0.105421,0.174625,58.3061,grmtl,poly_utils_intersecting_o
ERROR: clamping loops from 0 to 1. There's probably something wrong with the bench.
0.0406251,0.0816669,0.0821168,0.156083,37.9583,grmtl,poly_utils_intersecting_i
0.000141838,0.000142763,0.00014283,0.000144229,0.514589,grmtl,poly_utils_intersecting_s
3.82839e-05,3.86023e-05,3.86015e-05,3.90225e-05,0.6131,grmtl,poly_utils_intersecting_c
0.0837882,0.084459,0.0845338,0.0854042,0.602273,grmtl,poly_utils_circle_t
0.506596,0.5081,0.508218,0.510967,0.257761,grmtl,poly_utils_circle_o
0.236087,0.238523,0.238256,0.240248,0.596554,grmtl,poly_utils_circle_i
0.0108724,0.0109626,0.0113536,0.014842,10.8101,grmtl,poly_utils_circle_s
0.0108702,0.0111353,0.0111998,0.0119279,2.86262,grmtl,poly_utils_circle_c
193.122,193.375,200.996,257.469,9.9862,grmtl,poly_utils_star_t
312.041,328.983,70116.1,698076,314.682,grmtl,poly_utils_star_o
ERROR: clamping loops from 0 to 1. There's probably something wrong with the bench.
0.0365419,0.336708,0.541896,2.27313,130.566,grmtl,poly_utils_star_i
192.443,193.04,193.933,198.515,1.12756,grmtl,poly_utils_star_s
2.66917e-05,2.68353e-05,2.68599e-05,2.73323e-05,0.680678,grmtl,poly_utils_star_c
120.754,121.112,121.149,121.537,0.210277,grmtl,tiled_playback_rtree_tiled
137.594,137.817,137.791,138.008,0.0936652,grmtl,tiled_playback_rtree_random
374.268,375.585,375.414,375.805,0.115443,grmtl,tiled_playback_none_tiled
388.291,390.505,390.465,393.378,0.356083,grmtl,tiled_playback_none_random
161.831,162.447,162.376,162.634,0.146929,grmtl,picture_nesting_playback_3280
149.099,149.804,149.723,150.101,0.170274,grmtl,picture_nesting_playback_1093
144.774,145.542,145.436,145.72,0.190237,grmtl,picture_nesting_playback_364
143.791,144.304,144.319,145.628,0.36401,grmtl,picture_nesting_playback_121
143.381,143.598,143.651,144.034,0.156486,grmtl,picture_nesting_playback_40
143.025,143.309,143.309,143.762,0.133503,grmtl,picture_nesting_playback_13
143.122,143.293,143.528,145.26,0.438473,grmtl,picture_nesting_playback_4
142.94,143.348,143.3,143.498,0.105587,grmtl,picture_nesting_playback_1
143.071,143.275,143.269,143.445,0.0733868,grmtl,picture_nesting_playback_0
0.166598,0.177029,0.178,0.184273,2.91513,grmtl,perlinnoise
89.4992,89.8624,89.8266,90.1866,0.217355,grmtl,path_text_clipped_uncached
78.4824,78.6386,78.6248,78.7528,0.105539,grmtl,path_text_uncached
78.418,78.643,78.6111,78.8178,0.143792,grmtl,path_text
1.43045,1.44063,1.43993,1.44897,0.478674,grmtl,convex_path_200_16_1_1
1.42623,1.43744,1.43714,1.45519,0.652949,grmtl,convex_path_200_16_0_1
1.51611,1.52752,1.52627,1.53659,0.473032,grmtl,convex_path_200_16_1_0
1.51349,1.52395,1.52315,1.54146,0.561965,grmtl,convex_path_200_16_0_0
1.41946,1.43094,1.43002,1.43835,0.412833,grmtl,convex_path_16_16_1_1
1.4219,1.43342,1.43211,1.44074,0.425324,grmtl,convex_path_16_16_0_1
1.50077,1.51077,1.51134,1.52328,0.485317,grmtl,convex_path_16_16_1_0
1.50529,1.51997,1.51724,1.53218,0.622328,grmtl,convex_path_16_16_0_0
0.0178856,0.0180588,0.018082,0.01843,0.908603,grmtl,zeroradroundrect
0.029047,0.0293685,0.0293533,0.0296788,0.623381,grmtl,arbroundrect
0.0229262,0.0231691,0.0231896,0.0233898,0.606365,grmtl,circles_stroke
0.0285239,0.0290788,0.0290815,0.0298338,1.17829,grmtl,circles_fill
0.0749608,0.0761325,0.076021,0.0774117,1.19999,grmtl,path_stroke_small_long_line
0.0782809,0.0800229,0.0795323,0.0804442,1.01634,grmtl,path_fill_small_long_line
0.118187,0.118935,0.119131,0.121497,0.810716,grmtl,path_stroke_small_long_curved
0.165539,0.168114,0.168048,0.170846,1.09483,grmtl,path_fill_small_long_curved
0.0534925,0.0543701,0.0542227,0.0552527,1.01338,grmtl,path_stroke_small_sawtooth
0.0721773,0.0731695,0.0731016,0.0747097,1.07042,grmtl,path_fill_small_sawtooth
0.0156294,0.015779,0.015763,0.0159098,0.690377,grmtl,path_fill_big_convex_aaa
0.0147366,0.0149574,0.0149783,0.0153074,1.09764,grmtl,path_fill_small_convex_aaa
0.0427579,0.04359,0.0434418,0.0441647,1.14467,grmtl,path_fill_big_concave_aaa
0.0424745,0.0428125,0.0428671,0.0433985,0.733532,grmtl,path_fill_small_concave_aaa
0.0158851,0.0160273,0.0160043,0.0161091,0.565384,grmtl,path_fill_big_nonaacircle
0.0151404,0.0152426,0.0152702,0.0154977,0.786807,grmtl,path_fill_small_nonaacircle
0.0149091,0.0150344,0.0150585,0.0152954,0.693287,grmtl,path_stroke_big_circle
0.0147597,0.0149293,0.0149126,0.0150277,0.537384,grmtl,path_fill_big_circle
0.0142399,0.0143505,0.0143456,0.0145991,0.752959,grmtl,path_stroke_small_circle
0.0141482,0.0142336,0.0142449,0.0144202,0.556681,grmtl,path_fill_small_circle
0.0230008,0.0233035,0.0232878,0.0235268,0.673412,grmtl,path_stroke_big_oval
0.01441,0.0144959,0.0144981,0.0146298,0.491813,grmtl,path_fill_big_oval
0.0228038,0.0230183,0.0231418,0.0237112,1.5528,grmtl,path_stroke_small_oval
0.0141504,0.0142262,0.0142368,0.0144037,0.628046,grmtl,path_fill_small_oval
0.0159665,0.0161138,0.0160991,0.0162948,0.65762,grmtl,path_fill_big_rotated_rect_aa_45
0.0157564,0.015909,0.0159391,0.0162719,1.07773,grmtl,path_fill_small_rotated_rect_aa_45
0.0158551,0.0159196,0.0159346,0.0160641,0.443742,grmtl,path_fill_big_rotated_rect_noaa_45
0.0157023,0.015893,0.015887,0.0161364,0.819179,grmtl,path_fill_small_rotated_rect_noaa_45
0.013892,0.0140327,0.0140292,0.014154,0.520165,grmtl,path_stroke_big_rect
0.0123814,0.0124461,0.0124531,0.0125726,0.462301,grmtl,path_fill_big_rect
0.0136649,0.0138031,0.0138046,0.013903,0.545825,grmtl,path_stroke_small_rect
0.0122047,0.0123186,0.0123042,0.0123834,0.398816,grmtl,path_fill_small_rect
0.0151343,0.0153557,0.0153019,0.0154844,0.822901,grmtl,path_stroke_big_triangle
0.0148485,0.0151266,0.015075,0.015449,1.20128,grmtl,path_fill_big_triangle
0.0149485,0.0151839,0.0151381,0.0153235,0.824697,grmtl,path_stroke_small_triangle
0.0147547,0.0148916,0.0148889,0.0151492,0.741702,grmtl,path_fill_small_triangle
0.0943113,0.094577,0.0945964,0.09518,0.274247,grmtl,conic-tinyerror
13.2736,13.3115,13.3128,13.3986,0.276184,grmtl,patch_loop_colors_texs_3.000000x3.000000
8.0335,8.09417,8.07774,8.125,0.362927,grmtl,patch_loop_texs_3.000000x3.000000
11.4455,11.5077,11.5144,11.5835,0.394328,grmtl,patch_loop_colors_3.000000x3.000000
6.248,6.56567,6.56556,7.09087,4.49771,grmtl,patch_loop_meshlines_3.000000x3.000000
9.43963,9.53492,9.51683,9.55475,0.402197,grmtl,patch_loop_colors_texs_1.000000x1.000000
5.61817,5.64871,5.65979,5.72329,0.558647,grmtl,patch_loop_texs_1.000000x1.000000
8.00925,8.05421,8.04696,8.09158,0.341837,grmtl,patch_loop_colors_1.000000x1.000000
4.34342,4.35946,4.36101,4.38594,0.256954,grmtl,patch_loop_meshlines_1.000000x1.000000
0.157624,0.159111,0.158946,0.159945,0.507401,grmtl,patch_loop_colors_texs_0.100000x0.100000
0.0995196,0.0996765,0.0998599,0.10075,0.436965,grmtl,patch_loop_texs_0.100000x0.100000
0.136359,0.137374,0.137411,0.138618,0.542199,grmtl,patch_loop_colors_0.100000x0.100000
0.0774078,0.0781875,0.0782299,0.0790398,0.707252,grmtl,patch_loop_meshlines_0.100000x0.100000
13.6732,13.7636,13.7577,13.9288,0.558031,grmtl,patch_LOD_Diff_colors_texs_3.000000x3.000000
8.28496,8.34625,8.3422,8.38438,0.303451,grmtl,patch_LOD_Diff_texs_3.000000x3.000000
11.8178,11.8545,11.8488,11.8814,0.170092,grmtl,patch_LOD_Diff_colors_3.000000x3.000000
6.45354,6.50158,6.49402,6.55758,0.491501,grmtl,patch_LOD_Diff_meshlines_3.000000x3.000000
1.77456,1.78238,1.78462,1.80406,0.560354,grmtl,patch_LOD_Diff_colors_texs_1.000000x1.000000
1.07123,1.07839,1.07929,1.09172,0.577125,grmtl,patch_LOD_Diff_texs_1.000000x1.000000
1.53067,1.54322,1.54321,1.56247,0.640809,grmtl,patch_LOD_Diff_colors_1.000000x1.000000
0.833549,0.841868,0.840975,0.846625,0.47287,grmtl,patch_LOD_Diff_meshlines_1.000000x1.000000
0.134597,0.136505,0.136194,0.136919,0.512661,grmtl,patch_LOD_Diff_colors_texs_0.100000x0.100000
0.0839847,0.0847035,0.0848003,0.0859646,0.737492,grmtl,patch_LOD_Diff_texs_0.100000x0.100000
0.115775,0.116703,0.116625,0.117612,0.607045,grmtl,patch_LOD_Diff_colors_0.100000x0.100000
0.0663993,0.0673209,0.0671399,0.0676115,0.601136,grmtl,patch_LOD_Diff_meshlines_0.100000x0.100000
5.19571,5.25842,5.25437,5.334,0.746967,grmtl,patch_square_colors_texs_3.000000x3.000000
3.11527,3.14713,3.14347,3.17088,0.468576,grmtl,patch_square_texs_3.000000x3.000000
4.46283,4.478,4.4805,4.50852,0.312347,grmtl,patch_square_colors_3.000000x3.000000
2.42842,2.44372,2.44276,2.45801,0.453641,grmtl,patch_square_meshlines_3.000000x3.000000
0.626625,0.632713,0.631789,0.636995,0.469546,grmtl,patch_square_colors_texs_1.000000x1.000000
0.380964,0.385021,0.385175,0.389676,0.692855,grmtl,patch_square_texs_1.000000x1.000000
0.541779,0.546704,0.546631,0.553142,0.717414,grmtl,patch_square_colors_1.000000x1.000000
0.295808,0.300301,0.299979,0.302602,0.710453,grmtl,patch_square_meshlines_1.000000x1.000000
0.134227,0.136269,0.136143,0.138523,0.918085,grmtl,patch_square_colors_texs_0.100000x0.100000
0.0838404,0.0846935,0.0845977,0.0857091,0.66053,grmtl,patch_square_texs_0.100000x0.100000
0.115592,0.116751,0.116679,0.117934,0.659483,grmtl,patch_square_colors_0.100000x0.100000
0.066855,0.0673198,0.0673315,0.0678344,0.422829,grmtl,patch_square_meshlines_0.100000x0.100000
12.9195,12.9912,12.9885,13.0937,0.416947,grmtl,patch_normal_colors_texs_3.000000x3.000000
7.84729,7.89346,7.88849,7.94633,0.427689,grmtl,patch_normal_texs_3.000000x3.000000
11.2123,11.2531,11.2493,11.3113,0.299937,grmtl,patch_normal_colors_3.000000x3.000000
6.10425,6.16779,6.15612,6.21646,0.604168,grmtl,patch_normal_meshlines_3.000000x3.000000
1.49642,1.50511,1.50748,1.53809,0.812871,grmtl,patch_normal_colors_texs_1.000000x1.000000
0.905868,0.915653,0.912943,0.923702,0.668662,grmtl,patch_normal_texs_1.000000x1.000000
1.28546,1.29927,1.3051,1.35593,1.48112,grmtl,patch_normal_colors_1.000000x1.000000
0.706625,0.71112,0.711344,0.721156,0.632464,grmtl,patch_normal_meshlines_1.000000x1.000000
0.134785,0.135894,0.135971,0.137873,0.756811,grmtl,patch_normal_colors_texs_0.100000x0.100000
0.0841563,0.0848507,0.0847549,0.0852486,0.38771,grmtl,patch_normal_texs_0.100000x0.100000
0.115072,0.116652,0.116314,0.117866,0.759333,grmtl,patch_normal_colors_0.100000x0.100000
0.0665822,0.0671222,0.0669869,0.0675313,0.473661,grmtl,patch_normal_meshlines_0.100000x0.100000
0.0148414,0.015021,0.0149795,0.0151288,0.652863,grmtl,morph_0_none
0.387601,0.400744,0.40144,0.437804,3.85046,grmtl,morph_1.50_dilate
0.37358,0.391199,0.388584,0.409138,3.40067,grmtl,morph_1.50_erode
0.38025,0.402651,0.39891,0.428051,4.02787,grmtl,morph_10_dilate
0.360314,0.396189,0.388946,0.404593,3.55802,grmtl,morph_10_erode
0.378413,0.390026,0.393448,0.421599,3.5542,grmtl,morph_2_dilate
0.339649,0.366813,0.363687,0.377559,3.41956,grmtl,morph_2_erode
0.192755,0.201774,0.200248,0.206088,2.27125,grmtl,merge_large
0.193227,0.197505,0.199585,0.207608,2.5845,grmtl,merge_small
0.324945,0.360956,0.353646,0.391776,7.01921,grmtl,matrixconvolution_bigKernel_decal_noConvolveAlpha
1.8865,1.92032,1.91559,1.95075,1.14731,grmtl,matrixconvolution_bigKernel_decal
1.77896,1.91549,1.91534,1.99485,3.3029,grmtl,matrixconvolution_bigKernel_mirror
1.83333,1.9359,1.9227,1.95824,2.00967,grmtl,matrixconvolution_bigKernel_repeat
1.77126,1.93099,1.91488,1.96656,2.88563,grmtl,matrixconvolution_bigKernel_clamp
0.287382,0.308904,0.30638,0.320919,3.64023,grmtl,matrixconvolution_decal_noConvolveAlpha
0.290853,0.3146,0.31478,0.340228,4.40081,grmtl,matrixconvolution_decal
0.295245,0.312807,0.316383,0.352172,5.28031,grmtl,matrixconvolution_mirror
0.302343,0.322341,0.320767,0.338623,3.04821,grmtl,matrixconvolution_repeat
0.295571,0.32639,0.319605,0.337824,4.45029,grmtl,matrixconvolution_clamp
2.78133,2.79285,2.79843,2.82067,0.53703,grmtl,lines_1_AA
2.78425,2.8041,2.80419,2.82152,0.448413,grmtl,lines_0.5_AA
2.7741,2.79965,2.79547,2.81465,0.571703,grmtl,lines_0_AA
2.7764,2.80598,2.80172,2.84642,0.739299,grmtl,lines_1_BW
2.77423,2.79642,2.79601,2.81581,0.566027,grmtl,lines_0_BW
0.273504,0.283888,0.281848,0.292204,2.31822,grmtl,lightingspotlitspecular_large
0.270875,0.287785,0.285481,0.301485,3.43449,grmtl,lightingspotlitspecular_small
0.26077,0.286546,0.282941,0.299903,4.61388,grmtl,lightingdistantlitspecular_large
0.27134,0.285752,0.284196,0.291063,2.16287,grmtl,lightingdistantlitspecular_small
0.258248,0.277851,0.277509,0.295423,3.61348,grmtl,lightingpointlitspecular_large
0.266881,0.277562,0.279075,0.298015,3.92694,grmtl,lightingpointlitspecular_small
0.2572,0.288774,0.284289,0.312456,6.36395,grmtl,lightingspotlitdiffuse_large
0.270887,0.280477,0.280547,0.288766,2.00356,grmtl,lightingspotlitdiffuse_small
0.269632,0.285237,0.28245,0.289704,2.56404,grmtl,lightingdistantlitdiffuse_large
0.286318,0.394615,0.451293,0.811266,42.4102,grmtl,lightingdistantlitdiffuse_small
0.282507,0.301507,0.298825,0.311491,3.15571,grmtl,lightingpointlitdiffuse_large
0.28401,0.297157,0.300869,0.341647,5.56812,grmtl,lightingpointlitdiffuse_small
1.33498,1.41874,1.42102,1.51151,4.07349,grmtl,image_filter_xfermode_in
0.829035,0.87416,0.867887,0.938507,3.65187,grmtl,image_filter_displaced_blur
0.798857,0.828256,0.836447,0.911458,3.76852,grmtl,image_make_with_filter_dag
0.889021,0.934625,0.935814,0.986472,3.30778,grmtl,image_filter_dag
20.3537,20.4757,20.4573,20.5278,0.267767,grmtl,image_filter_collapse_matrix
21.4646,22.763,23.8122,32.9262,14.8871,grmtl,image_filter_collapse_table
5.82174e-05,6.01377e-05,5.98795e-05,6.21632e-05,2.64329,grmtl,imagecache
0.0151942,0.0154805,0.0155645,0.0161785,2.20856,grmtl,hardstop_special_500x500_centered
0.0140486,0.0143061,0.0143002,0.0145539,1.11335,grmtl,hardstop_special_400x400_centered
0.0134669,0.0136252,0.0136201,0.0138131,0.777911,grmtl,hardstop_special_300x300_centered
0.0128826,0.0130619,0.0130492,0.013196,0.686981,grmtl,hardstop_special_200x200_centered
0.0125546,0.0128078,0.0128576,0.0136638,2.36398,grmtl,hardstop_special_100x100_centered
0.0151382,0.0156046,0.0155354,0.016157,2.27689,grmtl,hardstop_special_500x500_011
0.0140388,0.0142123,0.0141773,0.0143351,0.664483,grmtl,hardstop_special_400x400_011
0.0133563,0.0135972,0.0135884,0.0137146,0.747051,grmtl,hardstop_special_300x300_011
0.0128585,0.0131132,0.013225,0.0138106,2.46841,grmtl,hardstop_special_200x200_011
0.0126743,0.0127315,0.0127327,0.0128028,0.318861,grmtl,hardstop_special_100x100_011
0.015053,0.0152396,0.0152202,0.0153975,0.728281,grmtl,hardstop_special_500x500_001
0.0140085,0.0141876,0.0142283,0.0145505,1.20668,grmtl,hardstop_special_400x400_001
0.0134064,0.0135867,0.0135972,0.0138493,1.08627,grmtl,hardstop_special_300x300_001
0.0128591,0.013011,0.0130135,0.0131708,0.716355,grmtl,hardstop_special_200x200_001
0.0126032,0.01269,0.0127119,0.0129226,0.901701,grmtl,hardstop_special_100x100_001
0.0155835,0.0157283,0.0157723,0.0160275,0.962122,grmtl,hardstop_scale_num_hard_stops_100_colors_050_hard_stops
0.0156116,0.015756,0.0157373,0.0158729,0.534449,grmtl,hardstop_scale_num_hard_stops_100_colors_025_hard_stops
0.0157938,0.0170449,0.0167465,0.0177503,3.95552,grmtl,hardstop_scale_num_hard_stops_100_colors_001_hard_stops
0.0153265,0.0161003,0.0160044,0.0172183,4.03223,grmtl,hardstop_scale_num_hard_stops_050_colors_025_hard_stops
0.0153668,0.0155831,0.0156134,0.016272,1.75117,grmtl,hardstop_scale_num_hard_stops_050_colors_010_hard_stops
0.0154101,0.0161081,0.016165,0.0170547,3.82973,grmtl,hardstop_scale_num_hard_stops_050_colors_001_hard_stops
0.015159,0.015797,0.0156693,0.0161974,2.25198,grmtl,hardstop_scale_num_hard_stops_020_colors_010_hard_stops
0.0153212,0.0155751,0.0155917,0.0159159,1.31846,grmtl,hardstop_scale_num_hard_stops_020_colors_005_hard_stops
0.0152472,0.0155532,0.0155255,0.01598,1.32472,grmtl,hardstop_scale_num_hard_stops_020_colors_001_hard_stops
0.0153572,0.0154662,0.0155451,0.016048,1.31902,grmtl,hardstop_scale_num_hard_stops_010_colors_005_hard_stops
0.015286,0.0154886,0.0155039,0.0157434,1.03143,grmtl,hardstop_scale_num_hard_stops_010_colors_002_hard_stops
0.015144,0.0153591,0.0154614,0.0160494,1.90093,grmtl,hardstop_scale_num_hard_stops_010_colors_001_hard_stops
0.0156401,0.0157991,0.0159003,0.0169445,2.44053,grmtl,hardstop_scale_num_colors_mirror_100_colors
0.0153583,0.0156562,0.0157616,0.0163319,2.6334,grmtl,hardstop_scale_num_colors_mirror_050_colors
0.0154011,0.0158854,0.0161247,0.017694,5.0158,grmtl,hardstop_scale_num_colors_mirror_025_colors
0.0157146,0.0184376,0.019319,0.0269602,19.0053,grmtl,hardstop_scale_num_colors_mirror_010_colors
0.015021,0.0151157,0.0151247,0.0153202,0.559045,grmtl,hardstop_scale_num_colors_mirror_005_colors
0.0149943,0.0151892,0.015147,0.0153251,0.839053,grmtl,hardstop_scale_num_colors_mirror_004_colors
0.0151574,0.0154072,0.0153535,0.0156281,0.920561,grmtl,hardstop_scale_num_colors_mirror_003_colors
0.0156401,0.0157205,0.0157455,0.0159191,0.525565,grmtl,hardstop_scale_num_colors_repeat_100_colors
0.0153614,0.0154794,0.0154857,0.0156646,0.564222,grmtl,hardstop_scale_num_colors_repeat_050_colors
0.0152091,0.0153322,0.0153127,0.0154378,0.531795,grmtl,hardstop_scale_num_colors_repeat_025_colors
0.0151159,0.0152321,0.0152055,0.0152628,0.3399,grmtl,hardstop_scale_num_colors_repeat_010_colors
0.0150239,0.0152778,0.0154378,0.0163509,2.80173,grmtl,hardstop_scale_num_colors_repeat_005_colors
0.014988,0.0151327,0.0151644,0.0153289,0.749859,grmtl,hardstop_scale_num_colors_repeat_004_colors
0.0153623,0.0154565,0.0154755,0.0156491,0.590721,grmtl,hardstop_scale_num_colors_repeat_003_colors
0.0158597,0.0159904,0.0159939,0.0161607,0.594045,grmtl,hardstop_scale_num_colors_clamp_100_colors
0.0156715,0.0157524,0.0157732,0.0158865,0.492883,grmtl,hardstop_scale_num_colors_clamp_050_colors
0.0155684,0.0156869,0.0156754,0.0158165,0.538086,grmtl,hardstop_scale_num_colors_clamp_025_colors
0.0154374,0.0155499,0.0155284,0.015602,0.383193,grmtl,hardstop_scale_num_colors_clamp_010_colors
0.0159299,0.0161423,0.0160997,0.0162481,0.674206,grmtl,hardstop_scale_num_colors_clamp_005_colors
0.0150261,0.0151279,0.0151654,0.0153496,0.737374,grmtl,hardstop_scale_num_colors_clamp_004_colors
0.0150969,0.0151561,0.0151424,0.0151853,0.233042,grmtl,hardstop_scale_num_colors_clamp_003_colors
3.98394,4.0365,4.03211,4.05935,0.546266,grmtl,path_hairline_big_AA_cubic
3.91977,3.93967,3.94053,3.95773,0.316699,grmtl,path_hairline_small_AA_cubic
3.98767,4.02952,4.02311,4.05731,0.597543,grmtl,path_hairline_big_noAA_cubic
3.90019,3.93471,3.93484,3.96575,0.561575,grmtl,path_hairline_small_noAA_cubic
3.386,3.42708,3.41962,3.43681,0.486928,grmtl,path_hairline_big_AA_conic
3.0245,3.04838,3.04944,3.08648,0.65528,grmtl,path_hairline_small_AA_conic
2.56504,2.60233,2.69398,3.4151,9.55044,grmtl,path_hairline_big_AA_quad
2.49483,2.52267,2.52029,2.54979,0.706398,grmtl,path_hairline_small_AA_quad
2.56177,2.5971,2.59324,2.62927,0.79789,grmtl,path_hairline_big_noAA_quad
2.47627,2.5305,2.51206,2.54806,1.19865,grmtl,path_hairline_small_noAA_quad
2.65954,2.70467,2.70256,2.74575,1.15889,grmtl,path_hairline_big_AA_line
2.59829,2.62035,2.61675,2.64181,0.580998,grmtl,path_hairline_small_AA_line
2.68615,2.71298,2.71225,2.75908,0.870227,grmtl,path_hairline_big_noAA_line
2.64329,2.6764,2.67379,2.72671,0.908955,grmtl,path_hairline_small_noAA_line
0.0193941,0.0195538,0.0195606,0.019806,0.581685,grmtl,gradient_create_alpha
0.0183638,0.018514,0.018499,0.0186464,0.455687,grmtl,gradient_create_opaque
0.0213839,0.0215187,0.0214879,0.0216615,0.407199,grmtl,gradient_conical_clamp_shallow
0.0237156,0.0238503,0.0239399,0.0242115,0.802468,grmtl,gradient_conical_clamp_shallow_dither
0.0195869,0.0197409,0.0197265,0.0200062,0.625685,grmtl,gradient_sweep_clamp_shallow
0.022994,0.0233439,0.0233022,0.0234929,0.596043,grmtl,gradient_sweep_clamp_shallow_dither
0.0191861,0.0193581,0.0193647,0.0195693,0.654774,grmtl,gradient_radial1_clamp_shallow
0.0208114,0.0210315,0.021205,0.0228039,2.76274,grmtl,gradient_radial1_clamp_shallow_dither
0.0174413,0.0174808,0.0175244,0.0177211,0.503865,grmtl,gradient_linear_clamp_shallow
0.0206973,0.0208432,0.0208155,0.020982,0.51079,grmtl,gradient_linear_clamp_shallow_dither
0.020195,0.0204431,0.0204038,0.020572,0.617301,grmtl,gradient_conicalOutZero_clamp_3color
0.0206006,0.0207434,0.0207636,0.0210258,0.573392,grmtl,gradient_conicalOutZero_clamp_hicolor
0.02018,0.0202853,0.0202902,0.0204396,0.464934,grmtl,gradient_conicalOutZero_clamp
0.0201821,0.0203426,0.0203687,0.0206232,0.649493,grmtl,gradient_conicalOut_clamp_3color
0.0205921,0.0207383,0.0207703,0.0210129,0.76041,grmtl,gradient_conicalOut_clamp_hicolor
0.0201594,0.0203745,0.0203656,0.020572,0.732522,grmtl,gradient_conicalOut_clamp
0.0201584,0.0203301,0.0202849,0.0204917,0.543022,grmtl,gradient_conicalZero_clamp_3color
0.0207262,0.0259576,0.0246124,0.0261175,9.0262,grmtl,gradient_conicalZero_clamp_hicolor
0.0202318,0.0204418,0.0204056,0.020525,0.468343,grmtl,gradient_conicalZero_clamp
WARNING: Wait failed for flush sync. Timings might not be accurate.
0.0202627,0.0434461,1.03997,10.0764,305.308,grmtl,gradient_conical_clamp_3color
0.0220739,0.0239253,0.0241657,0.0263121,6.95745,grmtl,gradient_conical_clamp_hicolor
0.0220784,0.0227091,0.0227294,0.0240998,2.43364,grmtl,gradient_conical_clamp
0.0181168,0.0197568,0.0195185,0.0207116,3.53084,grmtl,gradient_sweep_clamp_3color
0.0183485,0.018802,0.0187427,0.0194548,1.98704,grmtl,gradient_sweep_clamp_hicolor
0.0177917,0.0179665,0.0179904,0.0187439,1.55327,grmtl,gradient_sweep_clamp
0.017448,0.0176029,0.0175963,0.0178355,0.644404,grmtl,gradient_radial1_repeat
0.0174887,0.0175555,0.0176016,0.0178506,0.766702,grmtl,gradient_radial1_mirror
0.0212829,0.0214697,0.0214653,0.0217169,0.582694,grmtl,gradient_radial1_clamp_oval
0.0174306,0.0175666,0.0175833,0.017697,0.565569,grmtl,gradient_radial1_clamp_scale_0.5
0.0174264,0.017545,0.0175082,0.0176397,0.424383,grmtl,gradient_radial1_clamp_3color
0.0176824,0.0180048,0.017955,0.0181334,0.814318,grmtl,gradient_radial1_clamp_hicolor
0.0174662,0.0176747,0.0176791,0.0179388,0.901574,grmtl,gradient_radial1_clamp
0.0174848,0.0176133,0.0176389,0.0178775,0.781844,grmtl,gradient_linear_mirror_3color
0.0176755,0.0179201,0.0179011,0.018112,0.666474,grmtl,gradient_linear_mirror_hicolor
0.0174799,0.0175953,0.0175838,0.017826,0.578149,grmtl,gradient_linear_mirror
0.0174237,0.0175683,0.0175622,0.0178002,0.766308,grmtl,gradient_linear_repeat_3color
0.017772,0.0178998,0.01792,0.0183184,0.886426,grmtl,gradient_linear_repeat_hicolor
0.0174282,0.0177064,0.0176819,0.0179293,1.04804,grmtl,gradient_linear_repeat
0.017399,0.0176105,0.0176226,0.0178428,0.858551,grmtl,gradient_linear_clamp_pos
0.0174051,0.0176599,0.0176364,0.0180017,1.0402,grmtl,gradient_linear_clamp_3color
0.0177786,0.0179281,0.0179528,0.0181976,0.6622,grmtl,gradient_linear_clamp_hicolor
0.0175082,0.0177171,0.0176934,0.017968,0.847327,grmtl,gradient_linear_clamp
20.4531,20.4828,20.4956,20.576,0.205136,grmtl,canvas_matrix_4x4
20.719,20.7578,20.7699,20.8937,0.284353,grmtl,canvas_matrix_3x3
20.7051,20.7475,20.7463,20.7993,0.150386,grmtl,canvas_matrix_2x3
10.34,10.3668,10.3785,10.4497,0.327937,grmtl,canvas_matrix_scale
11.3889,11.4105,11.4125,11.4717,0.2147,grmtl,canvas_matrix_trans
0.0219821,0.022193,0.022164,0.0223363,0.518658,grmtl,game_trans_full_atlas_drawVerts_aa
0.021993,0.0222917,0.0222653,0.0225067,0.686669,grmtl,game_trans_full_atlas_aa
0.0259027,0.0261698,0.026133,0.0263879,0.573749,grmtl,game_rot_full_aa
0.0218563,0.0221215,0.0221299,0.0222882,0.563208,grmtl,game_trans_aligned_full_aa
0.0228159,0.022973,0.0229453,0.0231093,0.438991,grmtl,game_trans_full_aa
0.0227803,0.022915,0.022969,0.0232013,0.649964,grmtl,game_scale_full_aa
0.0495143,0.0500605,0.0499959,0.0504743,0.72481,grmtl,game_rot_partial_aa
0.0391081,0.0394878,0.0394629,0.0398456,0.622962,grmtl,game_trans_aligned_partial_aa
0.0422712,0.0426649,0.042679,0.0432881,0.719546,grmtl,game_trans_partial_aa
0.0422203,0.0426257,0.0426208,0.042967,0.602865,grmtl,game_scale_partial_aa
1.52139,1.52649,1.52617,1.53412,0.28081,grmtl,fontcache
0.180141,0.181399,0.181574,0.183452,0.556495,grmtl,samplingoptions_filter_0_mipmap_0
0.178376,0.180213,0.180137,0.181618,0.617302,grmtl,samplingoptions_filter_0_mipmap_1
0.178147,0.179631,0.179713,0.183423,0.843946,grmtl,samplingoptions_filter_0_mipmap_2
0.179879,0.181565,0.181436,0.18286,0.547156,grmtl,samplingoptions_filter_1_mipmap_0
0.178299,0.181127,0.180663,0.18257,0.680972,grmtl,samplingoptions_filter_1_mipmap_1
0.178299,0.17944,0.179285,0.180874,0.449919,grmtl,samplingoptions_filter_1_mipmap_2
0.00964567,0.00966402,0.00967212,0.00973245,0.295925,grmtl,fullscreen_rects
0.0227078,0.0230753,0.0229891,0.0232031,0.73614,grmtl,draw_bitmap_aa_rotate
0.0181923,0.0183292,0.0183566,0.0185366,0.630921,grmtl,draw_bitmap_aa_translate
0.0177163,0.0179016,0.0178891,0.0181305,0.675424,grmtl,draw_bitmap_aa_scale
0.0173221,0.017353,0.0173882,0.0175749,0.472428,grmtl,draw_bitmap_aa_ident
0.0227186,0.0230464,0.0229996,0.0233691,0.990466,grmtl,draw_bitmap_noaa_rotate
0.0203885,0.0204628,0.0204961,0.0207193,0.637261,grmtl,draw_bitmap_noaa_translate
0.0193432,0.0195371,0.019523,0.0197005,0.493717,grmtl,draw_bitmap_noaa_scale
0.0184239,0.0185722,0.0185462,0.0187142,0.48426,grmtl,draw_bitmap_noaa_ident
0.19146,0.20396,0.200969,0.208722,2.95844,grmtl,displacement_full_large
0.1961,0.204605,0.205027,0.216727,2.90486,grmtl,displacement_alpha_large
0.194195,0.20277,0.201123,0.205048,1.90063,grmtl,displacement_zero_large
WARNING: Wait failed for flush sync. Timings might not be accurate.
0.0550245,0.055865,976.669,9766.19,316.21,grmtl,displacement_full_small
0.0601528,0.0699282,0.0713509,0.0930749,14.6562,grmtl,displacement_alpha_small
0.216257,0.221955,0.224831,0.241583,3.77103,grmtl,displacement_zero_small
6.49746,6.71075,6.71775,7.00258,2.27837,grmtl,dashgrid_3_1_bw
6.46058,6.62642,6.61725,6.77925,1.50768,grmtl,dashgrid_3_1_aa
9.62304,9.71046,9.69918,9.73921,0.369671,grmtl,dashgrid_1_1_bw
9.65208,10.3932,10.4587,11.1277,4.29888,grmtl,dashgrid_1_1_aa
10.0321,10.444,10.3406,10.5457,1.80426,grmtl,giantdashline_diag_2
10.1753,10.3566,10.3906,10.8334,1.76033,grmtl,giantdashline_vert_2
10.1476,10.1978,10.2013,10.2812,0.436847,grmtl,giantdashline_hori_2
7.78546,7.82154,7.82614,7.87067,0.36608,grmtl,giantdashline_diag_0
7.75742,7.82617,7.82459,7.91142,0.765391,grmtl,giantdashline_vert_0
7.76329,7.83413,7.84999,7.99158,0.81234,grmtl,giantdashline_hori_0
0.201522,0.204338,0.21042,0.237042,6.00735,grmtl,drawpointsdash_5_5_aa
0.203598,0.20778,0.207945,0.21391,1.58024,grmtl,drawpointsdash_5_5_bw
0.322328,0.336357,0.389059,0.807435,38.6561,grmtl,drawpointsdash_3_1_aa
0.3138,0.319352,0.321232,0.338721,2.26299,grmtl,drawpointsdash_3_1_bw
0.885472,0.901146,0.901233,0.937451,1.53391,grmtl,drawpointsdash_1_1_aa
0.884653,0.892257,0.893424,0.907778,0.784241,grmtl,drawpointsdash_1_1_bw
0.586991,0.601046,0.598341,0.61406,1.52951,grmtl,dashline_2_circle
0.580514,0.589292,0.589649,0.60325,1.06045,grmtl,dashline_1_circle
0.573208,0.591917,0.592113,0.617583,2.39911,grmtl,dashline_0_circle
0.656838,0.671693,0.669016,0.687573,1.35082,grmtl,dashline_2_square
0.65324,0.664854,0.661396,0.668797,0.899058,grmtl,dashline_1_square
0.687958,0.698568,0.698187,0.714651,1.20587,grmtl,dashline_0_square
0.159595,0.161035,0.160843,0.163121,0.721527,grmtl,makedash_cubic
0.083658,0.0873592,0.0865501,0.0919044,3.04854,grmtl,makedash_quad
0.037588,0.037791,0.0379174,0.0390717,1.20013,grmtl,makedash_poly
0.231644,0.234163,0.233963,0.236858,0.621707,grmtl,dash_4_noclip
0.00277444,0.0028436,0.00283226,0.00285274,1.01437,grmtl,dash_1_clipped
0.842472,0.850146,0.850495,0.858993,0.71136,grmtl,dash_1_noclip
0.0137029,0.0141249,0.0141753,0.0150008,2.27277,grmtl,dash_0_noclip
0.181638,0.1821,0.182074,0.182439,0.144497,grmtl,draw_coverage_true
0.611583,0.61256,0.61277,0.616671,0.231937,grmtl,draw_coverage_false
0.0284895,0.0291369,0.0290813,0.0293336,0.804748,grmtl,colorfilter_matrix_runtime
0.0201393,0.0203607,0.0203459,0.0205662,0.607798,grmtl,colorfilter_src_runtime
0.0190662,0.0191783,0.0192171,0.0193953,0.590372,grmtl,colorfilter_gaussian
0.0210065,0.021155,0.0211635,0.0214261,0.576098,grmtl,colorfilter_overdraw
0.0242847,0.0248853,0.0247903,0.025119,0.913082,grmtl,colorfilter_highcontrast
0.0228453,0.0229214,0.0229709,0.0231726,0.487677,grmtl,colorfilter_lerp_src
0.0215707,0.021735,0.021748,0.0220404,0.62141,grmtl,colorfilter_compose_src
0.0198075,0.0199382,0.0199777,0.0204135,0.948248,grmtl,colorfilter_matrix_hsla
0.0205321,0.0207132,0.0207343,0.0211235,0.777309,grmtl,colorfilter_matrix_rgba
0.0205675,0.0208333,0.0209104,0.0217357,1.69487,grmtl,colorfilter_srgb_to_linear
0.0212783,0.0220559,0.0219078,0.0225828,1.84022,grmtl,colorfilter_linear_to_srgb
0.0208783,0.021071,0.0210741,0.0214446,0.769366,grmtl,colorfilter_blend_srcover
0.0205692,0.0208893,0.0208518,0.0211315,0.802949,grmtl,colorfilter_blend_src
0.0189718,0.0191513,0.0191667,0.0195083,0.840649,grmtl,colorfilter_none
0.019988,0.0201668,0.0201572,0.0203862,0.592672,grmtl,filteredrect_runtimecolorfilter
0.0175027,0.0176118,0.0175984,0.0177513,0.458857,grmtl,filteredrect_imagefilter
0.0139156,0.0139632,0.0140085,0.0141449,0.695316,grmtl,filteredrect_colorfilter
0.0126244,0.0132355,0.0136695,0.01912,14.2433,grmtl,filteredrect_nofilter
1.38997,1.40508,1.40627,1.44369,1.07824,grmtl,clip_strategy_mask_100
0.306133,0.313661,0.313958,0.323727,1.65955,grmtl,clip_strategy_mask_10
0.255018,0.264202,0.264014,0.272289,2.19552,grmtl,clip_strategy_mask_5
0.202007,0.211623,0.211345,0.226802,3.64041,grmtl,clip_strategy_mask_1
0.696071,0.710464,0.71069,0.726637,1.33392,grmtl,clip_strategy_path_100
0.105678,0.106885,0.106864,0.108388,0.657521,grmtl,clip_strategy_path_10
0.0672215,0.0679123,0.0678282,0.0683109,0.481607,grmtl,clip_strategy_path_5
0.0288974,0.0292302,0.0293349,0.0300295,1.31094,grmtl,clip_strategy_path_1
42.6223,42.8295,43.0288,44.3436,1.40845,grmtl,rastertile
2.07914,2.10513,2.10197,2.12478,0.816492,grmtl,chart_bw
2.08136,2.11986,2.17292,2.74451,9.27048,grmtl,chart_aa
0.560422,0.590489,0.589259,0.623734,3.58815,grmtl,blurrectsnonninepatch
0.349551,0.371405,0.368589,0.379795,2.75756,grmtl,blurrectsninepatch
0.222219,0.222496,0.222607,0.223614,0.183846,grmtl,blurrect_boxfilter_20
0.0170237,0.0170777,0.0173184,0.0186378,3.28297,grmtl,blurrect_boxfilter_5
0.138861,0.140278,0.140713,0.145149,1.41026,grmtl,blurrect_direct_20
0.0122499,0.0124202,0.0124108,0.0126429,1.12838,grmtl,blurrect_direct_5
0.00262775,0.0026869,0.00267219,0.00270917,1.24341,grmtl,blurrect_direct_1.50
0.301527,0.301762,0.30202,0.303841,0.228835,grmtl,blurrect_direct_30.50
0.0383256,0.038451,0.0385035,0.0388644,0.539694,grmtl,blurrect_direct_10
0.00346629,0.00346943,0.00347035,0.00347633,0.097807,grmtl,blurrect_direct_2
0.0140373,0.0140678,0.0140775,0.0141282,0.237673,grmtl,blurrect_gaussian_1.50
23.5983,25.1691,24.9138,27.5696,4.95176,grmtl,blurrect_gaussian_30.50
1.0362,1.0402,1.04615,1.07302,1.1515,grmtl,blurrect_gaussian_10
0.023051,0.0232775,0.0232645,0.0233911,0.416784,grmtl,blurrect_gaussian_2
0.0373034,0.0373519,0.0373687,0.037471,0.144646,grmtl,blurrect_boxfilter_1.50
0.503087,0.503458,0.503606,0.5043,0.0863952,grmtl,blurrect_boxfilter_30.50
0.0645304,0.0647067,0.0646885,0.0648312,0.151858,grmtl,blurrect_boxfilter_10
0.101214,0.101286,0.1013,0.101425,0.0600349,grmtl,blurrect_boxfilter_2
0.886292,0.931486,0.924121,0.947826,2.27136,grmtl,blur_image_filter_large_cropped_expanded_80.00_80.00
0.830583,0.881826,0.87764,0.929292,2.92424,grmtl,blur_image_filter_small_cropped_expanded_80.00_80.00
0.542654,0.573525,0.568021,0.582208,2.20753,grmtl,blur_image_filter_large_cropped_expanded_10.00_10.00
0.532383,0.561592,0.557484,0.570771,2.21527,grmtl,blur_image_filter_small_cropped_expanded_10.00_10.00
0.353967,0.362113,0.363082,0.37208,1.76759,grmtl,blur_image_filter_large_cropped_expanded_1.00_1.00
0.270855,0.279952,0.279632,0.289982,2.11544,grmtl,blur_image_filter_small_cropped_expanded_1.00_1.00
0.239927,0.245431,0.248432,0.267845,3.54416,grmtl,blur_image_filter_large_cropped_expanded_0.50_0.50
0.16896,0.181385,0.179258,0.184329,2.91375,grmtl,blur_image_filter_small_cropped_expanded_0.50_0.50
0.234297,0.24292,0.243483,0.258795,3.07711,grmtl,blur_image_filter_large_cropped_expanded_0.00_1.00
0.468379,0.493689,0.492172,0.518227,2.86118,grmtl,blur_image_filter_large_cropped_expanded_0.00_10.00
0.233598,0.241818,0.242468,0.253693,2.51896,grmtl,blur_image_filter_large_cropped_expanded_1.00_0.00
0.469083,0.490784,0.490455,0.513595,3.01341,grmtl,blur_image_filter_large_cropped_expanded_10.00_0.00
0.88,0.918076,0.920541,0.959299,2.87745,grmtl,blur_image_filter_large_cropped_80.00_80.00
0.838458,0.869382,0.867143,0.900854,2.18935,grmtl,blur_image_filter_small_cropped_80.00_80.00
0.539116,0.56188,0.560063,0.577838,2.31429,grmtl,blur_image_filter_large_cropped_10.00_10.00
0.534917,0.559517,0.555951,0.574633,2.20778,grmtl,blur_image_filter_small_cropped_10.00_10.00
0.338069,0.346019,0.348847,0.372803,3.35035,grmtl,blur_image_filter_large_cropped_1.00_1.00
0.253148,0.267842,0.267265,0.277912,2.90037,grmtl,blur_image_filter_small_cropped_1.00_1.00
0.219663,0.236369,0.233334,0.242477,3.43275,grmtl,blur_image_filter_large_cropped_0.50_0.50
0.153731,0.162842,0.161277,0.170282,3.39712,grmtl,blur_image_filter_small_cropped_0.50_0.50
0.221138,0.234373,0.232411,0.242977,2.81092,grmtl,blur_image_filter_large_cropped_0.00_1.00
0.466936,0.476443,0.479356,0.48992,1.66215,grmtl,blur_image_filter_large_cropped_0.00_10.00
0.223008,0.244371,0.239465,0.261354,5.66749,grmtl,blur_image_filter_large_cropped_1.00_0.00
0.464511,0.488723,0.486253,0.497356,2.07216,grmtl,blur_image_filter_large_cropped_10.00_0.00
0.904333,0.933319,0.933607,0.972361,2.36781,grmtl,blur_image_filter_large_80.00_80.00
0.817646,0.886528,0.883038,0.933187,3.64097,grmtl,blur_image_filter_small_80.00_80.00
0.544092,0.566004,0.561471,0.575008,1.76015,grmtl,blur_image_filter_large_10.00_10.00
0.532142,0.561337,0.557203,0.575604,2.65228,grmtl,blur_image_filter_small_10.00_10.00
0.278597,0.299447,0.296788,0.312509,3.42302,grmtl,blur_image_filter_large_1.00_1.00
0.243788,0.257754,0.259326,0.284129,4.77964,grmtl,blur_image_filter_small_1.00_1.00
0.148609,0.156235,0.156362,0.163922,3.59362,grmtl,blur_image_filter_large_0.50_0.50
0.144042,0.158452,0.155626,0.163296,4.62978,grmtl,blur_image_filter_small_0.50_0.50
0.1454,0.157134,0.15534,0.164326,4.34071,grmtl,blur_image_filter_large_0.00_1.00
0.45175,0.47447,0.475466,0.507746,2.96076,grmtl,blur_image_filter_large_0.00_10.00
0.152116,0.156283,0.156112,0.160802,1.81736,grmtl,blur_image_filter_large_1.00_0.00
0.45328,0.486451,0.482243,0.505735,3.03931,grmtl,blur_image_filter_large_10.00_0.00
0.0148366,0.0149268,0.0149296,0.0150814,0.526228,grmtl,blur_0_none_high_quality
0.529866,0.578514,0.579184,0.607852,3.69464,grmtl,blur_0.50_inner_high_quality
0.537958,0.589268,0.588308,0.632282,4.20941,grmtl,blur_0.50_outer_high_quality
0.553736,0.602875,0.5949,0.620324,3.22572,grmtl,blur_0.50_solid_high_quality
0.395702,0.410337,0.409251,0.423173,2.18761,grmtl,blur_0.50_normal_high_quality
0.981692,1.07211,1.06249,1.11755,4.45478,grmtl,blur_100.50_inner_high_quality
1.03503,1.09108,1.08297,1.15221,3.29508,grmtl,blur_100.50_outer_high_quality
1.04839,1.07046,1.07829,1.11762,2.16029,grmtl,blur_100.50_solid_high_quality
0.984892,1.04343,1.03758,1.09969,2.99807,grmtl,blur_100.50_normal_high_quality
0.651286,0.686849,0.692219,0.750438,4.61166,grmtl,blur_10_inner_high_quality
0.619807,0.681927,0.670566,0.709114,3.91155,grmtl,blur_10_outer_high_quality
0.645656,0.664562,0.667351,0.69512,2.68994,grmtl,blur_10_solid_high_quality
0.607,0.65251,0.640683,0.680964,3.84852,grmtl,blur_10_normal_high_quality
0.56562,0.598903,0.593043,0.619639,3.37082,grmtl,blur_2_inner_high_quality
0.618979,0.641948,0.647284,0.682474,2.89131,grmtl,blur_2_outer_high_quality
0.620474,0.660167,0.65393,0.680568,3.01307,grmtl,blur_2_solid_high_quality
0.407356,0.42433,0.427092,0.451561,3.50739,grmtl,blur_2_normal_high_quality
0.44817,0.490617,0.481512,0.507898,4.1275,grmtl,blur_0.01_inner_high_quality
0.436515,0.468292,0.466156,0.491053,3.14106,grmtl,blur_0.01_outer_high_quality
0.449656,0.469958,0.469415,0.486906,2.40232,grmtl,blur_0.01_solid_high_quality
0.299711,0.320167,0.317479,0.331943,4.02009,grmtl,blur_0.01_normal_high_quality
0.187927,0.189741,0.189587,0.190903,0.545314,grmtl,blendmicro_sprite_Luminosity
0.0144548,0.0146041,0.0145917,0.014732,0.718505,grmtl,blendmicro_rect_Luminosity
0.0246805,0.0248652,0.0248222,0.0249933,0.426723,grmtl,blendmicro_mask_Luminosity
0.188188,0.189823,0.190011,0.192463,0.641758,grmtl,blendmicro_sprite_Color
0.0143863,0.0146219,0.0146437,0.015035,1.20478,grmtl,blendmicro_rect_Color
0.0245486,0.0247414,0.0247661,0.0250723,0.722009,grmtl,blendmicro_mask_Color
0.188052,0.189147,0.188926,0.19056,0.402397,grmtl,blendmicro_sprite_Saturation
0.0144767,0.0145742,0.0145637,0.0146803,0.511421,grmtl,blendmicro_rect_Saturation
0.0244678,0.0246898,0.0246572,0.0250018,0.645651,grmtl,blendmicro_mask_Saturation
0.188377,0.1899,0.189938,0.192173,0.648115,grmtl,blendmicro_sprite_Hue
0.0144771,0.0146254,0.0146091,0.0147648,0.62828,grmtl,blendmicro_rect_Hue
0.0244362,0.0246685,0.0246737,0.0249067,0.722113,grmtl,blendmicro_mask_Hue
0.182065,0.183174,0.183166,0.185449,0.627417,grmtl,blendmicro_sprite_Multiply
0.0135965,0.013712,0.0137269,0.0139081,0.673984,grmtl,blendmicro_rect_Multiply
0.0236738,0.0237058,0.023742,0.0238391,0.295967,grmtl,blendmicro_mask_Multiply
0.181815,0.184414,0.185469,0.199652,2.75801,grmtl,blendmicro_sprite_Exclusion
0.01359,0.0137023,0.0136744,0.0137564,0.426357,grmtl,blendmicro_rect_Exclusion
0.0236532,0.0238159,0.0237917,0.0239591,0.477618,grmtl,blendmicro_mask_Exclusion
0.181801,0.182696,0.18298,0.187406,0.933561,grmtl,blendmicro_sprite_Difference
0.0136253,0.0137376,0.013742,0.0138937,0.671375,grmtl,blendmicro_rect_Difference
0.0237698,0.0240055,0.0240131,0.0245189,0.85418,grmtl,blendmicro_mask_Difference
0.182772,0.184144,0.183753,0.184408,0.334213,grmtl,blendmicro_sprite_SoftLight
0.0136098,0.0137199,0.013693,0.0137826,0.487761,grmtl,blendmicro_rect_SoftLight
0.0236704,0.0238324,0.023818,0.0240521,0.535864,grmtl,blendmicro_mask_SoftLight
0.181842,0.183034,0.183119,0.184893,0.406532,grmtl,blendmicro_sprite_HardLight
0.0136267,0.0137736,0.0137441,0.0138581,0.569644,grmtl,blendmicro_rect_HardLight
0.0237746,0.0238992,0.0239829,0.0245296,0.950427,grmtl,blendmicro_mask_HardLight
0.181625,0.183165,0.183301,0.186985,0.883764,grmtl,blendmicro_sprite_ColorBurn
0.013645,0.013801,0.0137746,0.0139285,0.639658,grmtl,blendmicro_rect_ColorBurn
0.0236574,0.0237868,0.0237534,0.0239275,0.379449,grmtl,blendmicro_mask_ColorBurn
0.181942,0.18356,0.183134,0.18393,0.391327,grmtl,blendmicro_sprite_ColorDodge
0.0135898,0.0137188,0.0137105,0.0138702,0.696038,grmtl,blendmicro_rect_ColorDodge
0.0236445,0.0238903,0.0239252,0.024312,0.894431,grmtl,blendmicro_mask_ColorDodge
0.181792,0.184253,0.183807,0.185383,0.637092,grmtl,blendmicro_sprite_Lighten
0.0140097,0.0142011,0.014184,0.0142868,0.608995,grmtl,blendmicro_rect_Lighten
0.0247531,0.02518,0.0252498,0.0261827,2.02631,grmtl,blendmicro_mask_Lighten
0.191973,0.198244,0.197731,0.203236,1.80712,grmtl,blendmicro_sprite_Darken
0.0147626,0.0151083,0.0151319,0.0156626,1.97821,grmtl,blendmicro_rect_Darken
0.0246018,0.0248939,0.0249297,0.0257005,1.26612,grmtl,blendmicro_mask_Darken
0.194412,0.197357,0.197543,0.203018,1.16055,grmtl,blendmicro_sprite_Overlay
0.0137163,0.0138817,0.0139651,0.014578,1.97713,grmtl,blendmicro_rect_Overlay
0.0239217,0.0240243,0.024061,0.0243321,0.624972,grmtl,blendmicro_mask_Overlay
0.1799,0.181046,0.18104,0.182278,0.47341,grmtl,blendmicro_sprite_Screen
0.0133928,0.0134997,0.0134974,0.0136259,0.602922,grmtl,blendmicro_rect_Screen
0.0234743,0.0236701,0.0236523,0.023845,0.568574,grmtl,blendmicro_mask_Screen
0.179924,0.181818,0.181661,0.183549,0.646552,grmtl,blendmicro_sprite_Modulate
0.0134924,0.0135493,0.0135658,0.0136927,0.422473,grmtl,blendmicro_rect_Modulate
0.0235052,0.0238437,0.0239053,0.0252295,2.05136,grmtl,blendmicro_mask_Modulate
0.182508,0.183272,0.184271,0.191394,1.46628,grmtl,blendmicro_sprite_Plus
0.0136264,0.0143907,0.0142953,0.0152592,3.76846,grmtl,blendmicro_rect_Plus
0.0243127,0.0251425,0.0250817,0.0257743,1.53719,grmtl,blendmicro_mask_Plus
0.188891,0.194841,0.195233,0.201652,1.7142,grmtl,blendmicro_sprite_Xor
0.0137429,0.014363,0.0144364,0.0155647,4.00453,grmtl,blendmicro_rect_Xor
0.0246768,0.0258203,0.0257228,0.026717,2.30336,grmtl,blendmicro_mask_Xor
0.180422,0.18135,0.181211,0.183253,0.497499,grmtl,blendmicro_sprite_DstATop
0.0134215,0.0135346,0.0135282,0.0136804,0.617313,grmtl,blendmicro_rect_DstATop
0.0235727,0.02377,0.0237364,0.0239333,0.601207,grmtl,blendmicro_mask_DstATop
0.179625,0.181233,0.181415,0.183519,0.683612,grmtl,blendmicro_sprite_SrcATop
0.0134548,0.0136456,0.0136249,0.0137972,0.651263,grmtl,blendmicro_rect_SrcATop
0.0235536,0.0240942,0.0242181,0.0255383,2.71287,grmtl,blendmicro_mask_SrcATop
0.179954,0.18155,0.1816,0.183296,0.72948,grmtl,blendmicro_sprite_DstOut
0.0134641,0.0135998,0.0136102,0.0137193,0.583987,grmtl,blendmicro_rect_DstOut
0.0235891,0.023891,0.0238373,0.0240536,0.6237,grmtl,blendmicro_mask_DstOut
0.17911,0.180975,0.180657,0.181974,0.473693,grmtl,blendmicro_sprite_SrcOut
0.0134595,0.0135489,0.0135506,0.0136228,0.351535,grmtl,blendmicro_rect_SrcOut
0.0236079,0.0238385,0.0240851,0.0254742,2.6183,grmtl,blendmicro_mask_SrcOut
0.180201,0.180856,0.181344,0.183115,0.587446,grmtl,blendmicro_sprite_DstIn
0.0135263,0.0136334,0.0137476,0.0145026,2.24279,grmtl,blendmicro_rect_DstIn
0.0234929,0.0236545,0.0236672,0.0238685,0.552006,grmtl,blendmicro_mask_DstIn
0.179783,0.181601,0.181493,0.183295,0.668321,grmtl,blendmicro_sprite_SrcIn
0.0134575,0.0135146,0.0135161,0.0136458,0.424557,grmtl,blendmicro_rect_SrcIn
0.0236368,0.0253917,0.0247958,0.0258601,3.82562,grmtl,blendmicro_mask_SrcIn
0.181063,0.183455,0.183271,0.187139,1.08705,grmtl,blendmicro_sprite_DstOver
0.0134293,0.0135515,0.0135531,0.0136775,0.50146,grmtl,blendmicro_rect_DstOver
0.0235512,0.0237376,0.0237062,0.0240122,0.635086,grmtl,blendmicro_mask_DstOver
0.179006,0.180372,0.180568,0.182735,0.671065,grmtl,blendmicro_sprite_SrcOver
0.013343,0.0134466,0.0134371,0.0135536,0.576627,grmtl,blendmicro_rect_SrcOver
0.0233472,0.0233953,0.0234488,0.0236586,0.478761,grmtl,blendmicro_mask_SrcOver
0.00231854,0.00232882,0.00232725,0.00233478,0.233885,grmtl,blendmicro_sprite_Dst
5.83323e-05,5.84416e-05,5.84593e-05,5.86618e-05,0.158786,grmtl,blendmicro_rect_Dst
0.000852129,0.000854,0.000854158,0.000860549,0.285247,grmtl,blendmicro_mask_Dst
0.168243,0.169592,0.169672,0.172049,0.695868,grmtl,blendmicro_sprite_Src
0.0124501,0.0125619,0.0125521,0.012677,0.645443,grmtl,blendmicro_rect_Src
0.0234709,0.0236772,0.0239457,0.0252261,2.34442,grmtl,blendmicro_mask_Src
0.169051,0.171382,0.171917,0.178385,1.64754,grmtl,blendmicro_sprite_Clear
0.0127715,0.0128845,0.0128935,0.0130488,0.740878,grmtl,blendmicro_rect_Clear
0.0238802,0.0243497,0.0243503,0.0247728,1.13469,grmtl,blendmicro_mask_Clear
2.8631,2.9565,2.94401,3.10269,2.39416,grmtl,bigpath_right_round
2.83977,2.88935,2.92269,3.17087,3.47085,grmtl,bigpath_middle_round
2.82365,2.8566,2.85815,2.88933,0.816899,grmtl,bigpath_left_round
2.81329,2.87675,2.86857,2.90238,0.90662,grmtl,bigpath_right
2.83933,2.85923,2.86088,2.87954,0.439335,grmtl,bigpath_middle
2.88452,3.02375,3.00405,3.09037,1.99917,grmtl,bigpath_left
0.0166314,0.0169608,0.0169091,0.0170479,0.70751,grmtl,draw_stroke_bezier_cubic_round_miter_50
0.0166764,0.0169537,0.0169035,0.0170221,0.68578,grmtl,draw_stroke_bezier_cubic_square_bevel_10
0.0154463,0.0156545,0.0156386,0.0158271,0.847088,grmtl,draw_stroke_bezier_cubic_butt_round_2
0.0162641,0.0164609,0.0164887,0.01674,0.921562,grmtl,draw_stroke_bezier_quad_round_miter_50
0.0171342,0.0176536,0.0178208,0.020335,5.12719,grmtl,draw_stroke_bezier_quad_square_bevel_10
0.0152165,0.0162382,0.0163087,0.0183309,7.26074,grmtl,draw_stroke_bezier_quad_butt_round_2
0.434792,0.43799,0.437711,0.440656,0.480737,grmtl,colorPattern_obaqueBitMap_alphaBitmap_rect
0.436913,0.442163,0.442576,0.453778,1.04829,grmtl,colorPattern_alphaBitmap_alphaBitmap_rect
0.422746,0.425608,0.426122,0.431292,0.696518,grmtl,colorPattern_obaqueBitMap_obaqueBitMap_rect
0.547004,0.554,0.55667,0.568329,1.60704,grmtl,colorPattern_obaqueBitMap_alphaBitmap_path
0.535593,0.548403,0.548036,0.574028,1.89763,grmtl,colorPattern_alphaBitmap_alphaBitmap_path
0.525758,0.553267,0.543391,0.5597,2.64421,grmtl,colorPattern_obaqueBitMap_obaqueBitMap_path
0.394904,0.400981,0.401381,0.40624,0.816408,grmtl,colorPattern_white_blue_path
0.395183,0.398298,0.397921,0.401494,0.500671,grmtl,colorPattern_blue_blue_path
0.393532,0.398433,0.397672,0.405256,0.875822,grmtl,colorPattern_white_white_path
2.74367,2.75621,2.75664,2.76954,0.331502,grmtl,nested_aaclip_AA
2.76254,2.78179,2.77881,2.80696,0.511263,grmtl,nested_aaclip_BW
0.0326456,0.03293,0.0329866,0.0335588,0.851446,grmtl,aaclip_path_AA
0.0198674,0.0331593,0.0525111,0.273551,148.595,grmtl,aaclip_path_BW
0.0175823,0.0312117,0.0257133,0.032206,26.4568,grmtl,aaclip_rect_AA
0.0289859,0.0292227,0.0292134,0.0294416,0.534146,grmtl,aaclip_rect_BW
0.0374074,0.0440845,0.0435792,0.0534155,9.99729,grmtl,aaclip_setregion
0.0481145,0.0482378,0.0482882,0.0486098,0.339415,grmtl,aaclip_build_path_AA
0.0224889,0.0225265,0.0225883,0.0231734,0.92338,grmtl,aaclip_build_path_BW
0.00558483,0.00562519,0.0056195,0.00565083,0.429086,grmtl,aaclip_build_rect_AA
0.000136021,0.000137248,0.000137897,0.000142799,1.5439,grmtl,aaclip_build_rect_BW
1.65356,1.6646,1.69684,1.75901,2.90469,grmtl,GM_paragraph__underline_visitor
0.782018,0.788714,0.787845,0.793655,0.436543,grmtl,GM_paragraph__visitor
28.2161,28.2637,28.312,28.7818,0.601587,grmtl,GM_paragraph__underline
31.4212,31.6222,32.0057,33.1241,2.2951,grmtl,GM_paragraph_layout_
12.1178,12.1736,12.1764,12.2309,0.292481,grmtl,GM_paragraph_
2.23762,2.25628,2.25406,2.27672,0.578288,grmtl,GM_varied_text_clipped_lcd
2.18089,2.19222,2.19228,2.20731,0.414632,grmtl,GM_varied_text_ignorable_clip_lcd
2.23556,2.2464,2.24618,2.26801,0.44219,grmtl,GM_varied_text_clipped_no_lcd
2.17417,2.18601,2.18673,2.2064,0.476084,grmtl,GM_varied_text_ignorable_clip_no_lcd
2.31746,2.33594,2.34045,2.39237,0.88433,grmtl,GM_user_typeface
0.020903,0.021037,0.0212567,0.0225658,2.42792,grmtl,GM_spiral_rt
0.0720032,0.0728075,0.0728196,0.0736237,0.654069,grmtl,GM_threshold_rt
0.0161775,0.0162439,0.0163058,0.0166764,0.937396,grmtl,GM_runtime_shader
0.226472,0.228899,0.229192,0.235248,1.05006,grmtl,GM_runtimefunctions
12.7541,12.7962,12.7951,12.8247,0.182933,grmtl,GM_simple-polygon-offset
3.80285,3.83288,3.83107,3.85817,0.444459,grmtl,GM_convex-polygon-inset
3.28731,3.52183,3.50957,3.67927,3.43088,grmtl,GM_matrixconvolution_biggest
3.2781,3.42912,3.41892,3.55308,2.56611,grmtl,GM_matrixconvolution_bigger
3.08579,3.3696,3.33306,3.4846,3.44259,grmtl,GM_matrixconvolution_big_color
3.2255,3.39717,3.38252,3.47423,2.22609,grmtl,GM_matrixconvolution_big
2.60729,2.8444,2.86782,3.06354,4.99616,grmtl,GM_matrixconvolution_color
2.64771,2.82237,2.80783,2.96506,3.67351,grmtl,GM_matrixconvolution
25.9479,26.4534,26.3882,26.8629,1.11683,grmtl,GM_savelayer_with_backdrop
7.73575,8.02054,8.00748,8.28338,1.90357,grmtl,GM_imageblurrepeatmode
6.77071,6.94679,6.98318,7.34504,2.27894,grmtl,GM_imageblurclampmode
1.64004,1.72871,1.73238,1.82665,2.82466,grmtl,GM_hdr-pip-blur
0.0192671,0.0193803,0.0193446,0.0194453,0.346052,grmtl,GM_radial_gradient3_nodither
0.0225591,0.0226877,0.0226589,0.0227808,0.32136,grmtl,GM_radial_gradient3
96.1101,96.269,96.5325,98.2763,0.681156,grmtl,GM_drawregion
275.758,276.241,276.545,279.251,0.376021,grmtl,GM_dashing5_bw
276.241,276.743,276.857,277.771,0.16428,grmtl,GM_dashing5_aa
1.43166,1.47147,1.47045,1.53742,2.08082,grmtl,GM_convex_poly_clip
6.66988,6.70625,6.80827,7.18808,2.669,grmtl,GM_convex-lineonly-paths-stroke-and-fill
4.7724,4.80225,4.82553,4.94758,1.24889,grmtl,GM_convex-lineonly-paths
0.582569,0.588269,0.590377,0.613796,1.5908,grmtl,GM_circular-clips
13.3462,13.8257,13.7335,14.2785,2.42983,grmtl,GM_simpleblurroundrect
4.64998,4.93125,4.92938,5.11108,2.55422,grmtl,GM_blur_ignore_xform_rrect
0.299672,0.30273,0.301932,0.303767,0.522579,grmtl,GM_blur_ignore_xform_rect
0.323378,0.325495,0.325531,0.3275,0.454068,grmtl,GM_blur_ignore_xform_circle
25.5109,28.4272,29.2166,34.1675,10.5973,grmtl,GM_blurcircles2
0.543525,0.548367,0.549782,0.5675,1.26786,grmtl,GM_blurcircles
7.22767,7.3795,7.38797,7.65867,1.84151,grmtl,GM_animated-tiled-image-blur
12.008,12.2082,12.2081,12.442,1.10513,grmtl,GM_animated-image-blurs
